{
  "ingredients": [
    {
      "persistedAsin": "B0027EOTKO",
      "name": "Olive Oil",
      "form": "Liquid",
      "unit": "ml",
      "container_size": 2000,
      "item_cost": 23.49,
      "source": "Amazon",
      "url": "http://www.amazon.com/Kirkland-Signature-Virgin-Liters-Product/dp/B0027EOTKO",
      "amount": 95,
      "volume": 6.33,
      "volume_unit": "tbsp",
      "serving": 15,
      "calories": 120,
      "carbs": 0,
      "protein": 0,
      "fat": 14,
      "saturated-fat": 2,
      "monounsaturated-fat": 1,
      "polyunsaturated-fat": 11,
      "omega_3": 1.4,
      "omega_6": 4.568,
      "fiber": 0,
      "soluble-fiber": 0,
      "insoluble-fiber": 0,
      "cholesterol": 0,
      "calcium": 0,
      "chloride": 0,
      "chromium": 0,
      "copper": 0,
      "iodine": 0,
      "iron": 0,
      "magnesium": 0,
      "maganese": 0,
      "molybdenum": 0,
      "phosphorus": 0,
      "potassium": 0,
      "selinium": 0,
      "sodium": 0,
      "sulfur": 0,
      "zinc": 0,
      "vitamin_a": 0,
      "vitamin_b6": 0,
      "vitamin_b12": 0,
      "vitamin_c": 0,
      "vitamin_d": 0,
      "vitamin_e": 2,
      "vitamin_k": 8.1,
      "thiamin": 0,
      "riboflavin": 0,
      "niacin": 0,
      "folate": 0,
      "panthothenic": 0,
      "biotin": 0,
      "choline": 0,
      "_id": "58e8abc6b5d21b46b17e00b5",
      "currency": "$",
      "asin": "B0027EOTKO",
      "volumeUnitStr": "tbsp",
      "volumeFractionStr": "61/3",
      "volumeStr": "6&#8531;",
      "id": "58e8abc6b5d21b46b17e00b5"
    },
    {
      "persistedAsin": "B00T69D4KY",
      "name": "GNC Mega Men® Sport",
      "form": "Powder",
      "unit": "g",
      "container_size": 1170,
      "item_cost": 29.99,
      "source": "Amazon",
      "url": "http://amzn.com/B00T69D4KY",
      "amount": 22,
      "volume": 2.5,
      "volume_unit": "tbsp",
      "serving": 36,
      "calories": 130,
      "carbs": 15,
      "protein": 10,
      "fat": 2.5,
      "saturated-fat": 1,
      "monounsaturated-fat": 0,
      "polyunsaturated-fat": 0,
      "omega_3": 0,
      "omega_6": 0,
      "fiber": 8,
      "soluble-fiber": 0,
      "insoluble-fiber": 0,
      "cholesterol": 25,
      "calcium": 0.2,
      "chloride": 0.15,
      "chromium": 120,
      "copper": 2,
      "iodine": 150,
      "iron": 0,
      "magnesium": 50,
      "maganese": 2,
      "molybdenum": 75,
      "phosphorus": 0,
      "potassium": 0.25,
      "selinium": 200,
      "sodium": 0,
      "sulfur": 0,
      "zinc": 25,
      "vitamin_a": 5000,
      "vitamin_b6": 50,
      "vitamin_b12": 50,
      "vitamin_c": 300,
      "vitamin_d": 600,
      "vitamin_e": 30,
      "vitamin_k": 80,
      "thiamin": 50,
      "riboflavin": 50,
      "niacin": 50,
      "folate": 600,
      "panthothenic": 50,
      "biotin": 300,
      "choline": 10,
      "_id": "58e8ac157b64eb46bb96dd96",
      "currency": "$",
      "asin": "B00T69D4KY",
      "volumeUnitStr": "tbsp",
      "volumeFractionStr": "21/2",
      "volumeStr": "2&frac12;",
      "id": "58e8ac157b64eb46bb96dd96"
    },
    {
      "persistedAsin": "B004QD4PHQ",
      "name": "MK-7 Vitamin K-2",
      "form": "Pill",
      "unit": "pill",
      "container_size": 60,
      "item_cost": 9.92,
      "source": "Amazon",
      "url": "https://amazon.com/dp/B004QD4PHQ?tag=19-82341-20",
      "amount": 1,
      "volume": 1,
      "volume_unit": "capsule",
      "serving": 1,
      "calories": 0,
      "carbs": 0,
      "protein": 0,
      "fat": 0,
      "saturated-fat": 0,
      "monounsaturated-fat": 0,
      "polyunsaturated-fat": 0,
      "omega_3": 0,
      "omega_6": 0,
      "fiber": 0,
      "soluble-fiber": 0,
      "insoluble-fiber": 0,
      "cholesterol": 0,
      "calcium": 0,
      "chloride": 0,
      "chromium": 0,
      "copper": 0,
      "iodine": 0,
      "iron": 0,
      "magnesium": 0,
      "maganese": 0,
      "molybdenum": 0,
      "phosphorus": 0,
      "potassium": 0,
      "selinium": 0,
      "sodium": 0,
      "sulfur": 0,
      "zinc": 0,
      "vitamin_a": 0,
      "vitamin_b6": 0,
      "vitamin_b12": 0,
      "vitamin_c": 2,
      "vitamin_d": 0,
      "vitamin_e": 0,
      "vitamin_k": 100,
      "thiamin": 0,
      "riboflavin": 0,
      "niacin": 0,
      "folate": 0,
      "panthothenic": 0,
      "biotin": 0,
      "choline": 0,
      "_id": "58e8ac8eb5d21b46b17e00b9",
      "currency": "$",
      "asin": "B004QD4PHQ",
      "volumeUnitStr": "capsule",
      "volumeFractionStr": 1,
      "volumeStr": 1,
      "id": "58e8ac8eb5d21b46b17e00b9"
    },
    {
      "persistedAsin": "B002RWUNYM",
      "name": "Psyllium Husk Powder",
      "form": "Powder",
      "unit": "g",
      "container_size": 680,
      "item_cost": 15.72,
      "source": "Amazon",
      "url": "https://www.amazon.com/dp/B002RWUNYM?tag=19-82341-20",
      "amount": 9,
      "volume": 1,
      "volume_unit": "tbsp",
      "serving": 9,
      "calories": 34,
      "carbs": 8,
      "protein": 0,
      "fat": 0,
      "saturated-fat": 0,
      "monounsaturated-fat": 0,
      "polyunsaturated-fat": 0,
      "omega_3": 0,
      "omega_6": 0,
      "fiber": 6.7,
      "soluble-fiber": 0,
      "insoluble-fiber": 0,
      "cholesterol": 0,
      "calcium": 0.027,
      "chloride": 0,
      "chromium": 0,
      "copper": 0,
      "iodine": 0,
      "iron": 0.162,
      "magnesium": 0,
      "maganese": 0,
      "molybdenum": 0,
      "phosphorus": 0,
      "potassium": 0,
      "selinium": 0,
      "sodium": 0,
      "sulfur": 0,
      "zinc": 0,
      "vitamin_a": 0,
      "vitamin_b6": 0,
      "vitamin_b12": 0,
      "vitamin_c": 0,
      "vitamin_d": 0,
      "vitamin_e": 0,
      "vitamin_k": 0,
      "thiamin": 0,
      "riboflavin": 0,
      "niacin": 0,
      "folate": 0,
      "panthothenic": 0,
      "biotin": 0,
      "choline": 0,
      "_id": "58e8aca47b64eb46bb96dd98",
      "currency": "$",
      "asin": "B002RWUNYM",
      "volumeUnitStr": "tbsp",
      "volumeFractionStr": 1,
      "volumeStr": 1,
      "id": "58e8aca47b64eb46bb96dd98"
    },
    {
      "persistedAsin": "B00ENSA910",
      "name": "Potassium Citrate",
      "form": "Powder",
      "unit": "g",
      "container_size": 300,
      "item_cost": 11,
      "source": "Amazon",
      "url": "http://www.amazon.com/BulkSupplements-Potassium-Citrate-Powder-grams/dp/B00ENSA910/ref=sr_1_1?s=hpc&ie=UTF8&qid=1394134328&sr=1-1&keywords=Potassium+Citrate+Powder",
      "amount": 7,
      "volume": 1,
      "volume_unit": "tsp",
      "serving": 0.275,
      "calories": 0,
      "carbs": 0,
      "protein": 0,
      "fat": 0,
      "saturated-fat": 0,
      "monounsaturated-fat": 0,
      "polyunsaturated-fat": 0,
      "omega_3": 0,
      "omega_6": 0,
      "fiber": 0,
      "soluble-fiber": 0,
      "insoluble-fiber": 0,
      "cholesterol": 0,
      "calcium": 0,
      "chloride": 0,
      "chromium": 0,
      "copper": 0,
      "iodine": 0,
      "iron": 0,
      "magnesium": 0,
      "maganese": 0,
      "molybdenum": 0,
      "phosphorus": 0,
      "potassium": 0.099,
      "selinium": 0,
      "sodium": 0,
      "sulfur": 0,
      "zinc": 0,
      "vitamin_a": 0,
      "vitamin_b6": 0,
      "vitamin_b12": 0,
      "vitamin_c": 0,
      "vitamin_d": 0,
      "vitamin_e": 0,
      "vitamin_k": 0,
      "thiamin": 0,
      "riboflavin": 0,
      "niacin": 0,
      "folate": 0,
      "panthothenic": 0,
      "biotin": 0,
      "choline": 0,
      "_id": "58e8acaf7b64eb46bb96dd9a",
      "currency": "$",
      "asin": "B00ENSA910",
      "volumeUnitStr": "tsp",
      "volumeFractionStr": 1,
      "volumeStr": 1,
      "id": "58e8acaf7b64eb46bb96dd9a"
    },
    {
      "persistedAsin": "B003LPKEPC",
      "name": "Chia Seeds",
      "form": "Powder",
      "unit": "g",
      "container_size": 912,
      "item_cost": 10.79,
      "source": "Amazon",
      "url": "https://www.amazon.com/dp/B003LPKEPC?tag=19-82341-20",
      "amount": 20,
      "volume": 2,
      "volume_unit": "tbsp",
      "serving": 100,
      "calories": 486,
      "carbs": 42.12,
      "protein": 16.54,
      "fat": 30.74,
      "saturated-fat": 3.33,
      "monounsaturated-fat": 2.309,
      "polyunsaturated-fat": 23.665,
      "omega_3": 17.83,
      "omega_6": 5.835,
      "fiber": 34.4,
      "soluble-fiber": 0,
      "insoluble-fiber": 0,
      "cholesterol": 0,
      "calcium": 0.631,
      "chloride": 0,
      "chromium": 0,
      "copper": 0.924,
      "iodine": 0,
      "iron": 7.72,
      "magnesium": 335,
      "maganese": 2.723,
      "molybdenum": 0,
      "phosphorus": 0.86,
      "potassium": 0.40700000000000003,
      "selinium": 55.2,
      "sodium": 0.016,
      "sulfur": 0.9949999999999999,
      "zinc": 4.58,
      "vitamin_a": 54,
      "vitamin_b6": 0,
      "vitamin_b12": 0,
      "vitamin_c": 1.6,
      "vitamin_d": 0,
      "vitamin_e": 0.5,
      "vitamin_k": 0,
      "thiamin": 0.62,
      "riboflavin": 0.17,
      "niacin": 8.83,
      "folate": 49,
      "panthothenic": 0,
      "biotin": 0,
      "choline": 0,
      "_id": "58e8acddb5d21b46b17e00bf",
      "currency": "$",
      "asin": "B003LPKEPC",
      "volumeUnitStr": "tbsp",
      "volumeFractionStr": 2,
      "volumeStr": 2,
      "id": "58e8acddb5d21b46b17e00bf"
    },
    {
      "persistedAsin": "B000MD8AAM",
      "name": "Maltodextrin",
      "form": "Powder",
      "unit": "g",
      "container_size": 3618,
      "item_cost": 26.42,
      "source": "Amazon",
      "url": "http://www.amazon.com/NOW-Foods-Carbo-Gain-Pounds/dp/B000MD8AAM/ref=sr_1_1?ie=UTF8&qid=1410017601&sr=8-1&keywords=carbo+gain",
      "amount": 107,
      "volume": 0.75,
      "volume_unit": "cup",
      "serving": 100,
      "calories": 382,
      "carbs": 94,
      "protein": 0,
      "fat": 0,
      "saturated-fat": 0,
      "monounsaturated-fat": 0,
      "polyunsaturated-fat": 0,
      "omega_3": 0,
      "omega_6": 0,
      "fiber": 0,
      "soluble-fiber": 0,
      "insoluble-fiber": 0,
      "cholesterol": 0,
      "calcium": 0,
      "chloride": 0,
      "chromium": 0,
      "copper": 0,
      "iodine": 0,
      "iron": 0,
      "magnesium": 0,
      "maganese": 0,
      "molybdenum": 0,
      "phosphorus": 0,
      "potassium": 0,
      "selinium": 0,
      "sodium": 0,
      "sulfur": 0,
      "zinc": 0,
      "vitamin_a": 0,
      "vitamin_b6": 0,
      "vitamin_b12": 0,
      "vitamin_c": 0,
      "vitamin_d": 0,
      "vitamin_e": 0,
      "vitamin_k": 0,
      "thiamin": 0,
      "riboflavin": 0,
      "niacin": 0,
      "folate": 0,
      "panthothenic": 0,
      "biotin": 0,
      "choline": 0,
      "_id": "58e8b6a7b5d21b46b17e00c4",
      "currency": "$",
      "asin": "B000MD8AAM",
      "volumeUnitStr": "cup",
      "volumeFractionStr": "3/4",
      "volumeStr": "&frac34;",
      "id": "58e8b6a7b5d21b46b17e00c4"
    },
    {
      "persistedAsin": "B00MU73UKS",
      "name": "Sunflower Lecithin",
      "form": "Powder",
      "unit": "g",
      "container_size": 450,
      "item_cost": 15.6,
      "source": "Amazon",
      "url": "https://www.amazon.com/dp/B00MU73UKS?tag=19-82341-20",
      "amount": 10,
      "volume": 0,
      "volume_unit": "cup",
      "serving": 15,
      "calories": 75,
      "carbs": 1,
      "protein": 0,
      "fat": 8,
      "saturated-fat": 1,
      "monounsaturated-fat": 2,
      "polyunsaturated-fat": 4,
      "omega_3": 0,
      "omega_6": 4,
      "fiber": 0,
      "soluble-fiber": 0,
      "insoluble-fiber": 0,
      "cholesterol": 0,
      "calcium": 0.04,
      "chloride": 0,
      "chromium": 0,
      "copper": 0,
      "iodine": 0,
      "iron": 0.5,
      "magnesium": 0,
      "maganese": 0,
      "molybdenum": 0,
      "phosphorus": 0.41,
      "potassium": 0.14,
      "selinium": 0,
      "sodium": 0,
      "sulfur": 0,
      "zinc": 0,
      "vitamin_a": 0,
      "vitamin_b6": 0,
      "vitamin_b12": 0,
      "vitamin_c": 0,
      "vitamin_d": 0,
      "vitamin_e": 0.9,
      "vitamin_k": 0,
      "thiamin": 0,
      "riboflavin": 0,
      "niacin": 0,
      "folate": 0,
      "panthothenic": 0,
      "biotin": 0,
      "choline": 450,
      "_id": "58e999cf7b64eb46bb96deb6",
      "currency": "$",
      "asin": "B00MU73UKS",
      "volumeFractionStr": "",
      "volumeStr": "",
      "id": "58e999cf7b64eb46bb96deb6"
    },
    {
      "persistedAsin": "B0013OXOKU",
      "name": "Whey Protein Isolate Chocolate Powder",
      "form": "Powder",
      "unit": "g",
      "container_size": 2277,
      "item_cost": 62.47,
      "source": "Amazon",
      "url": "https://www.amazon.com/NOW-Foods-Protein-Isolate-Chocolate/dp/B0013OXOKU/ref=sr_1_7_a_it?ie=UTF8&qid=1491714641&sr=8-7&keywords=whey%2Bprotein%2Bchocolate%2Bisolate&th=1",
      "amount": 33,
      "volume": 0,
      "volume_unit": "cup",
      "serving": 33,
      "calories": 120,
      "carbs": 2,
      "protein": 25,
      "fat": 0.5,
      "saturated-fat": 0,
      "monounsaturated-fat": 0,
      "polyunsaturated-fat": 0,
      "omega_3": 0,
      "omega_6": 0,
      "fiber": 2,
      "soluble-fiber": 0,
      "insoluble-fiber": 0,
      "cholesterol": 5,
      "calcium": 0.15,
      "chloride": 0,
      "chromium": 0,
      "copper": 0.0162,
      "iodine": 0,
      "iron": 1.44,
      "magnesium": 64.35,
      "maganese": 0,
      "molybdenum": 0,
      "phosphorus": 0.436,
      "potassium": 0.22,
      "selinium": 9,
      "sodium": 0.085,
      "sulfur": 1.52,
      "zinc": 2.0394,
      "vitamin_a": 0,
      "vitamin_b6": 0.02,
      "vitamin_b12": 0.8,
      "vitamin_c": 0,
      "vitamin_d": 0,
      "vitamin_e": 0,
      "vitamin_k": 0,
      "thiamin": 0.0201,
      "riboflavin": 0.6656,
      "niacin": 0.375,
      "folate": 11,
      "panthothenic": 1.82,
      "biotin": 0,
      "choline": 73.92,
      "_id": "58e9c5157b64eb46bb96df5a",
      "currency": "$",
      "asin": "B0013OXOKU",
      "volumeFractionStr": "",
      "volumeStr": "",
      "id": "58e9c5157b64eb46bb96df5a"
    },
    {
      "persistedAsin": "",
      "name": "Almond Flour",
      "form": "Powder",
      "unit": "g",
      "container_size": 2268,
      "item_cost": 30,
      "source": "Amazon",
      "url": "",
      "amount": 28,
      "volume": 0,
      "volume_unit": "cup",
      "serving": 28,
      "calories": 170,
      "carbs": 5,
      "protein": 6,
      "fat": 15,
      "saturated-fat": 1,
      "monounsaturated-fat": 0,
      "polyunsaturated-fat": 0,
      "omega_3": 1.305,
      "omega_6": 9.054,
      "fiber": 3,
      "soluble-fiber": 0,
      "insoluble-fiber": 0,
      "cholesterol": 0,
      "calcium": 0.06,
      "chloride": 0,
      "chromium": 0,
      "copper": 0,
      "iodine": 0,
      "iron": 1.08,
      "magnesium": 0,
      "maganese": 0,
      "molybdenum": 0,
      "phosphorus": 0,
      "potassium": 0,
      "selinium": 0,
      "sodium": 0.005,
      "sulfur": 0,
      "zinc": 0,
      "vitamin_a": 0,
      "vitamin_b6": 0,
      "vitamin_b12": 0,
      "vitamin_c": 0,
      "vitamin_d": 0,
      "vitamin_e": 0,
      "vitamin_k": 0,
      "thiamin": 0,
      "riboflavin": 0,
      "niacin": 0,
      "folate": 0,
      "panthothenic": 0,
      "biotin": 0,
      "choline": 0,
      "_id": "58e9c7adb5d21b46b17e0249",
      "currency": "$",
      "asin": "",
      "volumeFractionStr": "",
      "volumeStr": "",
      "id": "58e9c7adb5d21b46b17e0249"
    },
    {
      "persistedAsin": "B00W4YBCZW",
      "name": "Potassium Chloride",
      "form": "Powder",
      "unit": "g",
      "container_size": 2267,
      "item_cost": 18.15,
      "source": "Amazon",
      "url": "https://www.amazon.com/Potassium-Chloride-Purity-Crystals-99-8/dp/B00W4YBCZW/ref=sr_1_9?ie=UTF8&qid=1491717087&sr=8-9&keywords=potassium+chloride",
      "amount": 1,
      "volume": 0,
      "volume_unit": "cup",
      "serving": 1,
      "calories": 0,
      "carbs": 0,
      "protein": 0,
      "fat": 0,
      "saturated-fat": 0,
      "monounsaturated-fat": 0,
      "polyunsaturated-fat": 0,
      "omega_3": 0,
      "omega_6": 0,
      "fiber": 0,
      "soluble-fiber": 0,
      "insoluble-fiber": 0,
      "cholesterol": 0,
      "calcium": 0,
      "chloride": 0.47555,
      "chromium": 0,
      "copper": 0,
      "iodine": 0,
      "iron": 0,
      "magnesium": 0,
      "maganese": 0,
      "molybdenum": 0,
      "phosphorus": 0,
      "potassium": 0.52444,
      "selinium": 0,
      "sodium": 0,
      "sulfur": 0,
      "zinc": 0,
      "vitamin_a": 0,
      "vitamin_b6": 0,
      "vitamin_b12": 0,
      "vitamin_c": 0,
      "vitamin_d": 0,
      "vitamin_e": 0,
      "vitamin_k": 0,
      "thiamin": 0,
      "riboflavin": 0,
      "niacin": 0,
      "folate": 0,
      "panthothenic": 0,
      "biotin": 0,
      "choline": 0,
      "_id": "58e9cce6b5d21b46b17e0251",
      "currency": "$",
      "asin": "B00W4YBCZW",
      "volumeFractionStr": "",
      "volumeStr": "",
      "id": "58e9cce6b5d21b46b17e0251"
    },
    {
      "persistedAsin": "B002DYIZM6",
      "name": "Optimum Nutrition Pro Gainer",
      "form": "Powder",
      "unit": "g",
      "container_size": 4620,
      "item_cost": 76.89,
      "source": "Amazon",
      "url": "https://www.amazon.com/Optimum-Nutrition-Gainer-Protein-Chocolate/dp/B002DYIZM6/ref=sr_1_4_s_it?s=hpc&ie=UTF8&qid=1491717762&sr=1-4&keywords=pro%2Bgainer&th=1",
      "amount": 165,
      "volume": 0,
      "volume_unit": "cup",
      "serving": 165,
      "calories": 650,
      "carbs": 85,
      "protein": 60,
      "fat": 8,
      "saturated-fat": 4,
      "monounsaturated-fat": 0,
      "polyunsaturated-fat": 0,
      "omega_3": 0,
      "omega_6": 0,
      "fiber": 5,
      "soluble-fiber": 0,
      "insoluble-fiber": 0,
      "cholesterol": 60,
      "calcium": 0.5,
      "chloride": 0.136,
      "chromium": 36,
      "copper": 0.4,
      "iodine": 67.5,
      "iron": 4.5,
      "magnesium": 120,
      "maganese": 0.7,
      "molybdenum": 18.75,
      "phosphorus": 0.35,
      "potassium": 0,
      "selinium": 7,
      "sodium": 0.34,
      "sulfur": 0,
      "zinc": 3,
      "vitamin_a": 1000,
      "vitamin_b6": 0.4,
      "vitamin_b12": 1.2,
      "vitamin_c": 21,
      "vitamin_d": 0,
      "vitamin_e": 10.5,
      "vitamin_k": 0,
      "thiamin": 0.225,
      "riboflavin": 0.595,
      "niacin": 4,
      "folate": 80,
      "panthothenic": 2,
      "biotin": 60,
      "choline": 0,
      "_id": "58e9e073b5d21b46b17e0265",
      "currency": "$",
      "asin": "B002DYIZM6",
      "volumeFractionStr": "",
      "volumeStr": "",
      "id": "58e9e073b5d21b46b17e0265"
    },
    {
      "persistedAsin": "B0002PU648",
      "name": "Calcium Magnesium",
      "form": "Powder",
      "unit": "g",
      "container_size": 225,
      "item_cost": 8.38,
      "source": "Amazon",
      "url": "http://www.amazon.com/Now-Calcium-Magnesium-Citrate-Powder/dp/B0002PU648",
      "amount": 6,
      "volume": 2,
      "volume_unit": "tsp",
      "serving": 4.5,
      "calories": 0,
      "carbs": 0,
      "protein": 0,
      "fat": 0,
      "saturated-fat": 0,
      "monounsaturated-fat": 0,
      "polyunsaturated-fat": 0,
      "omega_3": 0,
      "omega_6": 0,
      "fiber": 0,
      "soluble-fiber": 0,
      "insoluble-fiber": 0,
      "cholesterol": 0,
      "calcium": 0.4,
      "chloride": 0,
      "chromium": 0,
      "copper": 0,
      "iodine": 0,
      "iron": 0,
      "magnesium": 400,
      "maganese": 0,
      "molybdenum": 0,
      "phosphorus": 0,
      "potassium": 0,
      "selinium": 0,
      "sodium": 0,
      "sulfur": 0,
      "zinc": 0,
      "vitamin_a": 0,
      "vitamin_b6": 0,
      "vitamin_b12": 0,
      "vitamin_c": 0,
      "vitamin_d": 200,
      "vitamin_e": 0,
      "vitamin_k": 0,
      "thiamin": 0,
      "riboflavin": 0,
      "niacin": 0,
      "folate": 0,
      "panthothenic": 0,
      "biotin": 0,
      "choline": 0,
      "_id": "58e9ea407b64eb46bb96dfc9",
      "currency": "$",
      "asin": "B0002PU648",
      "volumeUnitStr": "tsp",
      "volumeFractionStr": 2,
      "volumeStr": 2,
      "id": "58e9ea407b64eb46bb96dfc9"
    },
    {
      "persistedAsin": "B019RL8PJA",
      "name": "Quest Nutrition Coconut Oil Powder",
      "form": "Powder",
      "unit": "g",
      "container_size": 560,
      "item_cost": 15.49,
      "source": "Amazon",
      "url": "https://www.amazon.com/Quest-Nutrition-Coconut-Powder-Ounce/dp/B019RL8PJA/ref=sr_1_1_a_it?ie=UTF8&qid=1492125318&sr=8-1&keywords=Coconut+Oil+Powder",
      "amount": 10,
      "volume": 0,
      "volume_unit": "cup",
      "serving": 10,
      "calories": 70,
      "carbs": 2,
      "protein": 1,
      "fat": 8,
      "saturated-fat": 7,
      "monounsaturated-fat": 0,
      "polyunsaturated-fat": 0,
      "omega_3": 0,
      "omega_6": 0,
      "fiber": 2,
      "soluble-fiber": 0,
      "insoluble-fiber": 0,
      "cholesterol": 0,
      "calcium": 0,
      "chloride": 0,
      "chromium": 0,
      "copper": 0,
      "iodine": 0,
      "iron": 0,
      "magnesium": 0,
      "maganese": 0,
      "molybdenum": 0,
      "phosphorus": 0,
      "potassium": 0,
      "selinium": 0,
      "sodium": 0.01,
      "sulfur": 0,
      "zinc": 0,
      "vitamin_a": 0,
      "vitamin_b6": 0,
      "vitamin_b12": 0,
      "vitamin_c": 0,
      "vitamin_d": 0,
      "vitamin_e": 0,
      "vitamin_k": 0,
      "thiamin": 0,
      "riboflavin": 0,
      "niacin": 0,
      "folate": 0,
      "panthothenic": 0,
      "biotin": 0,
      "choline": 0,
      "_id": "58f007d20d0c8c018c7172eb",
      "currency": "$",
      "asin": "B019RL8PJA",
      "volumeFractionStr": "",
      "volumeStr": "",
      "id": "58f007d20d0c8c018c7172eb"
    },
    {
      "persistedAsin": "B015FDIPSU",
      "name": "Morton Iodized Table Salt",
      "form": "Powder",
      "unit": "g",
      "container_size": 735,
      "item_cost": 0.89,
      "source": "Amazon",
      "url": "https://www.amazon.com/Morton-Iodized-Salt-26-Ounce/dp/B015FDIPSU/ref=sr_1_3_a_it?ie=UTF8&qid=1491722867&sr=8-3&keywords=salt",
      "amount": 0,
      "volume": 0,
      "volume_unit": "cup",
      "serving": 1.5,
      "calories": 0,
      "carbs": 0,
      "protein": 0,
      "fat": 0,
      "saturated-fat": 0,
      "monounsaturated-fat": 0,
      "polyunsaturated-fat": 0,
      "omega_3": 0,
      "omega_6": 0,
      "fiber": 0,
      "soluble-fiber": 0,
      "insoluble-fiber": 0,
      "cholesterol": 0,
      "calcium": 0,
      "chloride": 0,
      "chromium": 0,
      "copper": 0,
      "iodine": 67.5,
      "iron": 0,
      "magnesium": 0,
      "maganese": 0,
      "molybdenum": 0,
      "phosphorus": 0,
      "potassium": 0,
      "selinium": 0,
      "sodium": 0.59,
      "sulfur": 0,
      "zinc": 0,
      "vitamin_a": 0,
      "vitamin_b6": 0,
      "vitamin_b12": 0,
      "vitamin_c": 0,
      "vitamin_d": 0,
      "vitamin_e": 0,
      "vitamin_k": 0,
      "thiamin": 0,
      "riboflavin": 0,
      "niacin": 0,
      "folate": 0,
      "panthothenic": 0,
      "biotin": 0,
      "choline": 0,
      "_id": "58f071e50d0c8c018c71735d",
      "currency": "$",
      "asin": "B015FDIPSU",
      "volumeFractionStr": "",
      "volumeStr": "",
      "id": "58f071e50d0c8c018c71735d"
    },
    {
      "persistedAsin": "B00CYQWC8G",
      "name": "Organic Rice Protein Chocolate",
      "form": "Powder",
      "unit": "g",
      "container_size": 952,
      "item_cost": 28.83,
      "source": "Amazon",
      "url": "https://www.amazon.com/Growing-Naturals-Organic-Protein-Chocolate/dp/B00CYQWC8G/ref=sr_1_1_a_it?ie=UTF8&qid=1492157834&sr=8-1&keywords=organic+rice+protein+chocolate",
      "amount": 34,
      "volume": 0,
      "volume_unit": "cup",
      "serving": 34,
      "calories": 120,
      "carbs": 5,
      "protein": 24,
      "fat": 0,
      "saturated-fat": 0,
      "monounsaturated-fat": 0,
      "polyunsaturated-fat": 0,
      "omega_3": 0,
      "omega_6": 0,
      "fiber": 1,
      "soluble-fiber": 0,
      "insoluble-fiber": 0,
      "cholesterol": 0,
      "calcium": 0,
      "chloride": 0,
      "chromium": 0,
      "copper": 0,
      "iodine": 0,
      "iron": 2.7,
      "magnesium": 0,
      "maganese": 0,
      "molybdenum": 0,
      "phosphorus": 0,
      "potassium": 0,
      "selinium": 0,
      "sodium": 0.04,
      "sulfur": 0,
      "zinc": 0,
      "vitamin_a": 0,
      "vitamin_b6": 0,
      "vitamin_b12": 0,
      "vitamin_c": 0,
      "vitamin_d": 0,
      "vitamin_e": 0,
      "vitamin_k": 0,
      "thiamin": 0,
      "riboflavin": 0,
      "niacin": 0,
      "folate": 0,
      "panthothenic": 0,
      "biotin": 0,
      "choline": 0,
      "_id": "58f0870b40f36c05de74371c",
      "currency": "$",
      "asin": "B00CYQWC8G",
      "volumeFractionStr": "",
      "volumeStr": "",
      "id": "58f0870b40f36c05de74371c"
    }
  ],
  "nutrientTargets": {
    "_id": "51e4e6ca7789bc0200000007",
    "__v": 8,
    "author": "nwthomas",
    "authorId": "51e0b5fa2d1c680200000006",
    "biotin": 30,
    "biotin_max": 0,
    "calcium": 1,
    "calcium_max": 2.5,
    "calories": 2000,
    "calories_max": 0,
    "carbs": 250,
    "carbs_max": 0,
    "chloride": 2.3,
    "chloride_max": 3.6,
    "cholesterol": 0,
    "cholesterol_max": 300,
    "choline": 550,
    "choline_max": 3500,
    "chromium": 35,
    "chromium_max": 0,
    "copper": 0.9,
    "copper_max": 10,
    "createdAt": "2013-07-16T06:23:06.115Z",
    "fat": 65,
    "fat_max": 0,
    "fiber": 28,
    "fiber_max": 0,
    "folate": 400,
    "folate_max": 1000,
    "hidden": false,
    "iodine": 150,
    "iodine_max": 1100,
    "iron": 8,
    "iron_max": 45,
    "maganese": 2.3,
    "maganese_max": 11,
    "magnesium": 420,
    "magnesium_max": 0,
    "molybdenum": 45,
    "molybdenum_max": 2000,
    "name": "U.S. government DRI, male 19-50, 2000 calories",
    "niacin": 16,
    "niacin_max": 35,
    "omega_3": 1.6,
    "omega_3_max": 0,
    "omega_6": 17,
    "omega_6_max": 0,
    "panthothenic": 5,
    "panthothenic_max": 0,
    "phosphorus": 0.7,
    "phosphorus_max": 4,
    "potassium": 3.5,
    "potassium_max": 0,
    "protein": 85,
    "protein_max": 0,
    "rating": 1,
    "recipesCount": 410,
    "riboflavin": 1.3,
    "riboflavin_max": 0,
    "selinium": 55,
    "selinium_max": 400,
    "sodium": 1.5,
    "sodium_max": 2.3,
    "sulfur": 2,
    "sulfur_max": 0,
    "thiamin": 1.2,
    "thiamin_max": 0,
    "updatedAt": "2017-02-18T07:16:23.474Z",
    "vitamin_a": 3000,
    "vitamin_a_max": 10000,
    "vitamin_b12": 2.4,
    "vitamin_b12_max": 0,
    "vitamin_b6": 1.3,
    "vitamin_b6_max": 100,
    "vitamin_c": 90,
    "vitamin_c_max": 2000,
    "vitamin_d": 600,
    "vitamin_d_max": 4000,
    "vitamin_e": 20,
    "vitamin_e_max": 1000,
    "vitamin_k": 120,
    "vitamin_k_max": 0,
    "zinc": 11,
    "zinc_max": 40,
    "linkCount": 0,
    "wordCount": 174,
    "reviews": [
      {
        "updatedAt": "2015-09-21T03:22:44.795Z",
        "userId": "51dddaac86048b0000000006",
        "user": "nick",
        "isMod": true,
        "createdAt": "2013-08-14T23:27:39.547Z",
        "comment": "",
        "rating": 1,
        "_id": "520c126bffac6c0200000008"
      },
      {
        "updatedAt": "2015-09-21T03:22:44.795Z",
        "userId": "51e5993f7789bc0200000040",
        "user": "Joshua",
        "isMod": true,
        "createdAt": "2013-08-17T06:01:47.262Z",
        "comment": "Note that the macros only add up to 1925 calories.",
        "rating": 1,
        "_id": "520f11cbbe6c340200000059"
      },
      {
        "updatedAt": "2015-09-21T03:22:44.796Z",
        "userId": "524aacfed020ea020000010f",
        "user": "jhanzair",
        "isMod": false,
        "createdAt": "2013-10-07T20:32:59.398Z",
        "comment": "According to http://www.iom.edu/Activities/Nutrition/SummaryDRIs/~/media/Files/Activity%20Files/Nutrition/DRIs/5_Summary%20Table%20Tables%201-4.pdf, the correct value for magnesium should be 400 mg, not 420. Also, the sulfur intake suggested by Rob seems to be completely off-kilter - 2g per day does not sound reasonable at all. When you take into account that the intake of methionine and cysteine mostly suffice for the needs of the body (http://www.thorne.com/altmedrev/.fulltext/7/1/22.pdf), I would suggest at most 500mg of extra Sulfur per day.",
        "rating": -1,
        "_id": "52531a7b67bda30200000616"
      },
      {
        "updatedAt": "2015-09-21T03:22:44.796Z",
        "userId": "53797438a729fb0200b2cbf9",
        "user": "hasen",
        "isMod": false,
        "createdAt": "2014-05-19T03:19:58.368Z",
        "comment": "Omega-3 too little compared Omega-6? AFAIK They should be near 1:1",
        "rating": -1,
        "_id": "5379785ea729fb0200b2cc19"
      },
      {
        "updatedAt": "2015-09-21T03:22:44.796Z",
        "userId": "53e255b381adf402002e85b0",
        "user": "horsfield",
        "isMod": false,
        "createdAt": "2014-08-15T19:25:18.313Z",
        "comment": "The recommended max for cholesterol is 300mg. It is also recommended that saturated fat should be under 7% of calories. Which would mean a recommended max of 15.56 grams.",
        "rating": -1,
        "_id": "53ee5e9e354d6d0200446bf7"
      },
      {
        "updatedAt": "2015-09-21T03:22:44.796Z",
        "userId": "52e977adff027b02000001e0",
        "user": "The_Mastor",
        "isMod": false,
        "createdAt": "2014-11-08T00:56:28.245Z",
        "comment": "Missing 3g Max Omega-3 (see comments)",
        "rating": -1,
        "_id": "545d6a3ca5d4600200d6959c"
      },
      {
        "updatedAt": "2015-09-21T03:22:44.796Z",
        "userId": "540db1d8e710540200c1a806",
        "user": "broobike",
        "isMod": false,
        "createdAt": "2015-03-04T16:25:52.602Z",
        "comment": "This nutrient profile is very helpful.  The potassium value seems to be incorrect — it should be 4.7g instead of 3.5g.  http://www.nal.usda.gov/fnic/DRI/DRI_Tables/recommended_intakes_individuals.pdf#page=4 .  The fiber value seems to be incorrect — it should be 38g instead of 28g.  http://www.nal.usda.gov/fnic/DRI/DRI_Tables/recommended_intakes_individuals.pdf#page=5 .  My understanding from the footnotes to the DRI tables is that the maximums for vitamin E, niacin, folate, and magnesium apply only to supplements and fortified foods, and that the maximum for vitamin A applies only to preformed vitamin A (i.e., in animal foods, supplements, and fortified foods).  http://www.nal.usda.gov/fnic/DRI/DRI_Tables/recommended_intakes_individuals.pdf#page=7 .  Also, new measurement units are used in the DRI tables for vitamins A, D, E, and folate — but those new units have not yet been incorporated into nutrient data on package labels.  https://federalregister.gov/a/2014-04387#h-76 .",
        "rating": 1,
        "_id": "54f732108dec98da70f704ea"
      },
      {
        "updatedAt": "2015-09-21T03:22:44.796Z",
        "userId": "52483fb558bc9602000001ff",
        "user": "dedxi",
        "isMod": false,
        "createdAt": "2015-09-21T03:22:44.791Z",
        "rating": -1,
        "_id": "55ff78042d1cad172f62c283"
      }
    ]
  }
}